Date,TAVG,RAIN,TR05
01-01-2020,44.84,0,1.557
02-01-2020,50.53,0,1.5518
03-01-2020,44.14,0,1.5556
04-01-2020,41.72,0,1.5636
05-01-2020,46.48,0,1.5643
06-01-2020,40.31,0,1.5719
07-01-2020,44.27,0,1.5762
08-01-2020,49.19,0,1.5796
09-01-2020,59.68,0,1.5715
10-01-2020,54.51,0.03,1.5636
11-01-2020,29.82,0,1.585
12-01-2020,41.82,0,1.5909
13-01-2020,46.61,0,1.5928
14-01-2020,55.86,0.01,1.5592
15-01-2020,51.66,0,1.5685
16-01-2020,35.19,0.9,1.5834
17-01-2020,41.18,1.18,1.5184
18-01-2020,41.08,0,1.5328
19-01-2020,34.67,0,1.5501
20-01-2020,38.85,0,1.5531
21-01-2020,36.07,0.17,1.557
22-01-2020,39.27,0.41,1.5304
23-01-2020,43.44,0.01,1.5288
24-01-2020,40.28,0.01,1.5432
25-01-2020,49.89,0,1.5433
26-01-2020,48.31,0,1.5401
27-01-2020,50.21,0,1.5449
28-01-2020,41.83,1.09,1.5285
29-01-2020,36.13,0,1.5357
30-01-2020,36.51,0,1.539
31-01-2020,39.31,0.01,1.5433
01-02-2020,47.06,0,1.5461
02-02-2020,57.3,0,1.5425
03-02-2020,54.5,0,1.5437
04-02-2020,33.33,0,1.5517
05-02-2020,27.59,0,1.5596
06-02-2020,26.86,0.27,1.5557
07-02-2020,38.9,0.17,1.5509
08-02-2020,46.57,0,1.5465
09-02-2020,56.81,0,1.5367
10-02-2020,35.22,0.13,1.5416
11-02-2020,38.95,0.02,1.5453
12-02-2020,38.65,0.37,1.5375
13-02-2020,29.32,0,1.5443
14-02-2020,33.32,0,1.5479
15-02-2020,46.07,0,1.5476
16-02-2020,45.23,0,-996
17-02-2020,51.68,0,1.544
18-02-2020,44.68,0,1.5451
19-02-2020,43.45,0,1.5514
20-02-2020,36.62,0,1.5548
21-02-2020,32.75,0,1.5639
22-02-2020,47.92,0,1.5667
23-02-2020,50.86,0.07,1.5665
24-02-2020,46.8,0,1.5622
25-02-2020,43.1,0.03,1.5604
26-02-2020,33.69,0.01,1.564
27-02-2020,41.52,0,1.5738
28-02-2020,47.22,0,1.5725
29-02-2020,56.04,0,1.5745
01-03-2020,61.94,0,1.5747
02-03-2020,48.37,0,1.5851
03-03-2020,53.08,0,1.5908
04-03-2020,50.31,0.01,1.597
05-03-2020,48.67,0,1.6031
06-03-2020,46.86,0,1.6124
07-03-2020,53.23,0,1.6253
08-03-2020,52.39,0.35,1.5981
09-03-2020,59.58,0.07,1.5284
10-03-2020,57.44,0,1.5371
11-03-2020,65.47,0,1.5279
12-03-2020,68.49,0,1.5267
13-03-2020,48.69,0.27,1.5245
14-03-2020,47.68,0.22,1.5129
15-03-2020,44.15,0.03,1.5226
16-03-2020,51.95,0.06,1.5197
17-03-2020,53.3,1.35,1.5035
18-03-2020,64.17,0.16,1.4933
19-03-2020,66.82,1.43,1.4878
20-03-2020,42.67,0,1.516
21-03-2020,42.79,0.22,1.5277
22-03-2020,51.55,0.15,1.5156
23-03-2020,59.89,0.01,1.5067
24-03-2020,63.93,0,1.5075
25-03-2020,67.39,0,1.5114
26-03-2020,75.23,0,1.5075
27-03-2020,70.47,0,1.5061
28-03-2020,63.61,0,1.5135
29-03-2020,55.19,0,1.5284
30-03-2020,53.92,0.92,1.5262
31-03-2020,54.51,0,1.5207
01-04-2020,58.62,0,1.5231
02-04-2020,61.72,0.03,1.5241
03-04-2020,35.16,0.05,1.5286
04-04-2020,39.76,0,1.543
05-04-2020,53.23,0,1.5352
06-04-2020,63.29,0,1.5278
07-04-2020,70.24,0,1.5197
08-04-2020,72.21,0,1.5197
09-04-2020,61.63,0,1.5339
10-04-2020,56.74,0,1.5522
11-04-2020,59.44,0.59,-996
12-04-2020,54.28,1.54,-996
13-04-2020,38.32,0,1.5228
14-04-2020,36.82,0.1,1.5237
15-04-2020,46.71,0,1.5292
16-04-2020,59.56,0,1.5284
17-04-2020,44.8,0,1.5369
18-04-2020,50.94,0,1.5432
19-04-2020,59.37,0,1.5367
20-04-2020,59.99,0,1.5252
21-04-2020,67.16,0.85,1.5367
22-04-2020,62.69,0.5,1.4831
23-04-2020,65.35,0.01,1.488
24-04-2020,66.81,0,1.4969
25-04-2020,59.97,0,1.5105
26-04-2020,64.44,0,1.5209
27-04-2020,69.84,0,1.5413
28-04-2020,73.33,0.19,1.5477
29-04-2020,61.89,0,1.5447
30-04-2020,63.7,0,1.5951
01-05-2020,73.9,0,1.6665
02-05-2020,76.03,0,1.7395
03-05-2020,75.78,0,1.8069
04-05-2020,78.75,0,1.8997
05-05-2020,64.17,0,2.0714
06-05-2020,61.41,0,2.1999
07-05-2020,68.24,0,2.3051
08-05-2020,57.39,0.93,1.5828
09-05-2020,55.83,0,1.6095
10-05-2020,59.66,0,1.7053
11-05-2020,59.61,0.03,1.8105
12-05-2020,52.64,0.63,1.5354
13-05-2020,67.08,0.17,1.5054
14-05-2020,73.59,0.2,1.4835
15-05-2020,69.83,3.11,1.4708
16-05-2020,63.18,0.18,1.4778
17-05-2020,68.31,0.01,1.4738
18-05-2020,69.69,0,1.495
19-05-2020,70.87,0,1.5201
20-05-2020,67.83,0,1.5743
21-05-2020,72.03,0,1.6023
22-05-2020,73.38,0.15,1.6012
23-05-2020,75.96,0.27,1.6354
24-05-2020,72.13,0.18,1.5131
25-05-2020,64.25,0.16,1.5286
26-05-2020,64.57,0,1.5248
27-05-2020,68.1,0.01,-996
28-05-2020,70.2,0.03,-996
29-05-2020,71.36,0,-996
30-05-2020,71.51,0,1.8373
31-05-2020,71.76,0,2.0028
01-06-2020,73.27,0,2.1806
02-06-2020,76.6,0,2.3914
03-06-2020,79.66,0,2.6314
04-06-2020,81.04,0.19,2.9865
05-06-2020,80.58,0,3.1373
06-06-2020,81.86,0,3.1705
07-06-2020,80.18,0,3.2839
08-06-2020,80.45,0,3.3746
09-06-2020,75.46,0,3.467
10-06-2020,69.8,0,3.5442
11-06-2020,73.53,0,3.5947
12-06-2020,76.37,0,3.6387
13-06-2020,78.3,0,3.6719
14-06-2020,78.4,0,3.7014
15-06-2020,78.23,0,3.726
16-06-2020,80.67,0,3.733
17-06-2020,81.31,0,3.7462
18-06-2020,81.83,0,3.7653
19-06-2020,72.41,1.32,2.614
20-06-2020,74.69,0,1.4812
21-06-2020,73.96,0.97,1.485
22-06-2020,75.38,0.13,1.4568
23-06-2020,75.26,0.11,1.4636
24-06-2020,73.39,0,-996
25-06-2020,77.76,0,1.5154
26-06-2020,80.32,0,1.5856
27-06-2020,79.87,0,1.6705
28-06-2020,80.46,0,1.7599
29-06-2020,82.76,0,1.8165
30-06-2020,83.98,0,1.8747
01-07-2020,84.67,0,1.9458
02-07-2020,83.01,0,2.0259
03-07-2020,82.29,0,2.1702
04-07-2020,81.57,0,2.375
05-07-2020,78.27,0.48,-996
06-07-2020,78.82,0.01,1.9811
07-07-2020,76.58,0,-996
08-07-2020,82.35,0,1.992
09-07-2020,85.28,0,2.1241
10-07-2020,80.31,0,2.4337
11-07-2020,86.3,0.01,2.8628
12-07-2020,82.06,0.04,3.3326
13-07-2020,84.52,0,3.4577
14-07-2020,87.44,0,3.5403
15-07-2020,85.15,0,3.6136
16-07-2020,86.22,0,3.6544
17-07-2020,86.76,0,3.7018
18-07-2020,84.28,0,3.7458
19-07-2020,84.03,0,3.7719
20-07-2020,83.66,0,3.8024
21-07-2020,81.2,0,3.8055
22-07-2020,81.68,0,3.8114
23-07-2020,82.56,0,3.8176
24-07-2020,84.19,0,3.8072
25-07-2020,82.08,0,3.8272
26-07-2020,82.41,0,3.8359
27-07-2020,79.37,0.85,3.1573
28-07-2020,77.58,0.53,-996
29-07-2020,80.85,0.1,1.5027
30-07-2020,80.03,0.13,1.5555
31-07-2020,75.11,0,1.6263
01-08-2020,73.77,0,1.7871
02-08-2020,77.22,0,1.9184
03-08-2020,75.7,0,2.0578
04-08-2020,74.22,0.05,2.2229
05-08-2020,73.64,0.54,1.8834
06-08-2020,79.33,0.03,1.751
07-08-2020,84,0.13,1.8377
08-08-2020,85.76,0,1.9701
09-08-2020,86.06,0,2.2807
10-08-2020,85.99,0,2.9648
11-08-2020,83.24,0.06,3.4951
12-08-2020,83.73,0,3.5641
13-08-2020,88.03,0,3.61
14-08-2020,85.81,0,3.6901
15-08-2020,84.95,0,3.7379
16-08-2020,82.22,0,3.7698
17-08-2020,80.11,0,3.79
18-08-2020,77.85,0,3.8185
19-08-2020,74.3,0,3.8461
20-08-2020,77.19,0,3.8529
21-08-2020,76.38,0.1,3.855
22-08-2020,77.85,0,3.8331
23-08-2020,80.31,0,3.791
24-08-2020,81.09,0,3.8289
25-08-2020,80.25,0,3.855
26-08-2020,80.03,0,3.8658
27-08-2020,76.92,0,3.8641
28-08-2020,86.97,0,3.8692
29-08-2020,84.44,0,3.8733
30-08-2020,79.64,1.29,-996
31-08-2020,83.25,0.26,1.5668
01-09-2020,70.49,1.68,1.4255
02-09-2020,74.06,0.03,1.4321
03-09-2020,77.16,0.01,1.4173
04-09-2020,77.77,0,1.4525
05-09-2020,78.31,0,1.5211
06-09-2020,78.9,0,1.615
07-09-2020,80.37,0,1.7272
08-09-2020,74.29,1.87,1.7444
09-09-2020,51.11,1.71,1.4661
10-09-2020,54.93,0.22,1.4723
11-09-2020,60.21,0.14,1.4782
12-09-2020,66.93,0.01,1.4708
13-09-2020,70.54,0,1.4623
14-09-2020,67.78,0,1.4973
15-09-2020,70.31,0,1.511
16-09-2020,71.2,0.01,-996
17-09-2020,70.73,0,-996
18-09-2020,67.06,0,-996
19-09-2020,63.89,0,-996
20-09-2020,64.98,0,-996
21-09-2020,67.02,0,-996
22-09-2020,66.71,0.02,-996
23-09-2020,66.71,0,-996
24-09-2020,66.73,0,-996
25-09-2020,71.9,0,1.9773
26-09-2020,75.09,0,2.0257
27-09-2020,72.19,0,2.0859
28-09-2020,60.11,0,2.1936
29-09-2020,61.7,0,2.2847
30-09-2020,70.2,0,2.3153
01-10-2020,62.62,0,2.3848
02-10-2020,58.02,0,2.4908
03-10-2020,63.05,0,2.5282
04-10-2020,58.65,0,2.6111
05-10-2020,62.63,0,2.6765
06-10-2020,66.76,0,2.7135
07-10-2020,72.11,0,2.7596
08-10-2020,71.6,0,2.8877
09-10-2020,70.29,0,-996
10-10-2020,70.65,0.01,3.197
11-10-2020,78.21,0,3.3281
12-10-2020,64.22,0,3.4498
13-10-2020,64.45,0,3.5289
14-10-2020,74.5,0,3.596
15-10-2020,64.96,0,3.6731
16-10-2020,52.39,0,3.726
17-10-2020,63.58,0,3.7481
18-10-2020,56.75,0,3.769
19-10-2020,50.39,0.01,3.7477
20-10-2020,63.83,0,3.743
21-10-2020,70.29,0,3.7352
22-10-2020,75.34,0,3.7418
23-10-2020,45.94,0.05,3.7972
24-10-2020,43.84,0,3.7709
25-10-2020,43.39,0.11,3.7517
26-10-2020,31.26,2.17,2.325
27-10-2020,30.44,0.2,1.5209
28-10-2020,33.02,0.28,1.4817
29-10-2020,43.47,0.47,1.5007
30-10-2020,47.62,0.01,1.5235
31-10-2020,54.31,0,1.5288
01-11-2020,51.43,0,1.5299
02-11-2020,52.62,0,1.5386
03-11-2020,58.67,0,1.543
04-11-2020,61.95,0,1.5449
05-11-2020,61.57,0,1.5458
06-11-2020,64.13,0,1.5477
07-11-2020,63.8,0,1.5513
08-11-2020,64.67,0,1.5568
09-11-2020,65.95,0,1.5607
10-11-2020,54.8,0.01,1.5641
11-11-2020,49.51,0,1.5836
12-11-2020,57.89,0,1.5974
13-11-2020,47.05,0,1.6291
14-11-2020,62.92,0,1.6282
15-11-2020,50.09,0,1.6711
16-11-2020,51.77,0,1.6937
17-11-2020,53.24,0,1.7141
18-11-2020,59.68,0,1.7379
19-11-2020,63.79,0,1.7616
20-11-2020,65.27,0,1.7689
21-11-2020,57.3,0,1.7648
22-11-2020,44.7,0.32,-996
23-11-2020,45.93,0.01,-996
24-11-2020,55.74,0.39,-996
25-11-2020,46.06,0,1.5428
26-11-2020,52.92,0,1.55
27-11-2020,44.84,0,1.5585
28-11-2020,40.87,0.06,-996
29-11-2020,42.32,0.07,-996
30-11-2020,35.65,0,1.5701
01-12-2020,-996,0,-996
02-12-2020,38.67,0.06,-996
03-12-2020,34.96,0.01,-996
04-12-2020,38.12,0,-996
05-12-2020,42.03,0,-996
06-12-2020,42.2,0,-996
07-12-2020,44.82,0,-996
08-12-2020,48.08,0,-996
09-12-2020,53.15,0,-996
10-12-2020,57.92,0,-996
11-12-2020,47.55,0.04,-996
12-12-2020,37.79,0,-996
13-12-2020,32.44,0.58,-996
14-12-2020,31.39,0.03,-996
15-12-2020,31.39,0.06,-996
16-12-2020,32.81,0.05,-996
17-12-2020,41.52,0,-996
18-12-2020,48.4,0,-996
19-12-2020,41.08,0,-996
20-12-2020,41.63,0,-996
21-12-2020,48.33,0,-996
22-12-2020,53.99,0,-996
23-12-2020,45.92,0,-996
24-12-2020,34.7,0,-996
25-12-2020,41.62,0,-996
26-12-2020,50.25,0,-996
27-12-2020,52.33,0,-996
28-12-2020,45.02,0,-996
29-12-2020,53.12,0.17,-996
30-12-2020,36.9,1.02,-996
31-12-2020,31.41,0.72,1.5677
01-01-2021,31.8,0.17,1.5626
02-01-2021,37.54,0.41,1.5594
03-01-2021,39.45,0.03,1.557
04-01-2021,40.68,0,1.5579
05-01-2021,46.2,0,1.5609
06-01-2021,45.65,0,1.5635
07-01-2021,39.76,0,1.5688
08-01-2021,36.64,0,1.5747
09-01-2021,31.69,0,1.5841
10-01-2021,34.19,0,1.5918
11-01-2021,36.48,0,1.5975
12-01-2021,36.25,0,1.6118
13-01-2021,41.23,0,1.6193
14-01-2021,44.42,0,1.63
15-01-2021,39.82,0,1.6554
16-01-2021,38.49,0,1.6835
17-01-2021,43.87,0,1.6864
18-01-2021,44.85,0,1.6956
19-01-2021,40.58,0,1.7064
20-01-2021,37.69,0,1.7206
21-01-2021,44.47,0,1.712
22-01-2021,46.59,0,1.7138
23-01-2021,44.19,0.01,1.7289
24-01-2021,47.89,0.09,1.7145
25-01-2021,45.55,0.54,1.57
26-01-2021,32.01,0,1.561
27-01-2021,31.07,0,1.5646
28-01-2021,33.44,0,1.5724
29-01-2021,45.96,0,1.5766
30-01-2021,54.75,0.1,1.5691
31-01-2021,40.48,0,1.5757
01-02-2021,40.58,0,1.5831
02-02-2021,48.83,0,1.5922
03-02-2021,52.87,0,1.6088
04-02-2021,49.01,0,1.6237
05-02-2021,42.43,0,1.6532
06-02-2021,38.72,0.19,1.6214
07-02-2021,34.58,0,1.605
08-02-2021,29.13,0.01,1.6111
09-02-2021,19.37,0,1.6475
10-02-2021,20.27,0,-996
11-02-2021,18.2,0,-996
12-02-2021,15.54,0,-996
13-02-2021,14.4,0,-996
14-02-2021,6.06,0,-996
15-02-2021,-1.41,0,-996
16-02-2021,0.66,0,-996
17-02-2021,13.67,0,-996
18-02-2021,13.6,0,-996
19-02-2021,18.76,0.08,-996
20-02-2021,34.12,0.28,-996
21-02-2021,45.04,0,-996
22-02-2021,45.8,0,-996
23-02-2021,53.54,0,1.564
24-02-2021,50.32,0,1.5633
25-02-2021,42.21,0,1.5724
26-02-2021,45.94,0,1.5738
27-02-2021,51.85,0.04,1.5784
28-02-2021,51.9,0,1.5727
01-03-2021,43.96,0,1.5855
02-03-2021,45.23,0,1.6021
03-03-2021,53.14,0,1.6289
04-03-2021,58.92,0,1.6507
05-03-2021,52.14,0,1.6737
06-03-2021,47.68,0,1.6895
07-03-2021,51.52,0,1.7247
08-03-2021,56.78,0,1.7635
09-03-2021,61.69,0,1.79
10-03-2021,68.04,0,1.8081
11-03-2021,58.64,0,1.8449
12-03-2021,62.07,0,1.8685
13-03-2021,66.03,0,1.8564
14-03-2021,59.15,0.29,1.7321
15-03-2021,56.14,0,1.7641
16-03-2021,64.36,0,1.8079
17-03-2021,51.33,0,1.85
18-03-2021,43.95,0,1.9089
19-03-2021,45.92,0,1.9446
20-03-2021,52.45,0,1.9717
21-03-2021,55.97,0,1.9962
22-03-2021,54.11,1.16,1.8872
23-03-2021,52.56,0.01,1.5468
24-03-2021,48.38,0.02,1.5463
25-03-2021,50.22,0,1.5475
26-03-2021,61.47,0,1.5552
27-03-2021,60.85,0,1.5777
28-03-2021,53.97,0,1.6255
29-03-2021,63.11,0,1.6731
30-03-2021,58.43,0,1.7259
31-03-2021,52.41,0,1.7848
01-04-2021,49.96,0,1.825
02-04-2021,55.54,0,1.863
03-04-2021,60.2,0,1.8859
04-04-2021,61.6,0,1.9042
05-04-2021,66.46,0,1.911
06-04-2021,70.04,0,1.924
07-04-2021,58.73,0,1.9482
08-04-2021,61.96,0,1.9689
09-04-2021,64.99,0,1.976
10-04-2021,53.82,0,2.0064
11-04-2021,63.67,0,2.0119
12-04-2021,58.13,0,2.0346
13-04-2021,56.71,0.34,2.0506
14-04-2021,49.67,0.54,1.7196
15-04-2021,50.41,0.11,1.5451
16-04-2021,48.76,0.3,1.5396
17-04-2021,45.46,0,1.5394
18-04-2021,50.34,0,1.5405
19-04-2021,58.54,0,1.5587
20-04-2021,40.98,0,1.6169
21-04-2021,45.27,0,1.6613
22-04-2021,50.86,0,1.7026
23-04-2021,57.89,0.78,1.6391
24-04-2021,56.93,0,1.5283
25-04-2021,63.47,0,1.5266
26-04-2021,70.31,0,1.5297
27-04-2021,68.87,0.45,1.5371
28-04-2021,67.62,0.87,1.516
29-04-2021,63.54,0.01,1.5158
30-04-2021,65.71,0,1.5202
01-05-2021,63.93,0,1.5312
02-05-2021,68.03,0.02,1.5429
03-05-2021,67.73,0,1.5728
04-05-2021,57.23,0.23,1.5402
05-05-2021,58.46,0.03,1.5581
06-05-2021,64.79,0.02,1.598
07-05-2021,68.54,0,1.6614
08-05-2021,74.48,0,1.7143
09-05-2021,62.22,0,1.7834
10-05-2021,56.61,0,1.8511
11-05-2021,53.04,0.49,1.6797
12-05-2021,56.05,0,1.5733
13-05-2021,59.79,0,1.6376
14-05-2021,63.27,0,1.7096
15-05-2021,68.92,0,1.75
16-05-2021,65.6,1.33,1.609
17-05-2021,69.58,0.03,1.5043
18-05-2021,66.8,0.03,1.5081
19-05-2021,69.63,0.57,1.5034
20-05-2021,68.99,0,1.5045
21-05-2021,72.06,0,1.5127
22-05-2021,71.2,0.08,1.5233
23-05-2021,68.32,0.07,1.5308
24-05-2021,67.63,0.04,1.5338
25-05-2021,69.48,0.05,1.5321
26-05-2021,76.91,0,1.5475
27-05-2021,76.31,0.93,1.5812
28-05-2021,65.95,0,1.5023
29-05-2021,65.45,0,1.5065
30-05-2021,65.12,0,1.529
31-05-2021,62.98,1.4,1.531
01-06-2021,62.29,0.01,1.5219
02-06-2021,63.73,0.01,1.5237
03-06-2021,70.27,0,1.5294
04-06-2021,72.45,0,1.5768
05-06-2021,68.95,0,1.6429
06-06-2021,73.03,0,1.6788
07-06-2021,74.72,0.21,1.6206
08-06-2021,77.84,0,1.6704
09-06-2021,80.66,0,1.7447
10-06-2021,80.88,0,1.8066
11-06-2021,82.25,0,1.8716
12-06-2021,78.99,0.1,1.9449
13-06-2021,77.52,0.79,1.9467
14-06-2021,79.47,0,1.6356
15-06-2021,79.19,0,1.7184
16-06-2021,80.29,0,1.8147
17-06-2021,80.55,0,1.9078
18-06-2021,81.85,0,2.0046
19-06-2021,80.93,0,2.1251
20-06-2021,82.15,0,2.2925
21-06-2021,68.99,0.2,2.5174
22-06-2021,69.91,0,2.6073
23-06-2021,80.74,0,2.652
24-06-2021,84.92,0,2.7347
25-06-2021,84.97,0,2.8527
26-06-2021,75.11,1.81,2.2958
27-06-2021,73.36,0.82,1.5021
28-06-2021,73.53,1.93,1.5026
29-06-2021,74.71,1.2,1.4997
30-06-2021,77.73,0,1.4986
01-07-2021,77.11,0.39,1.5017
02-07-2021,74.64,0.89,1.4993
03-07-2021,76.11,0,1.5026
04-07-2021,75.61,0,1.512
05-07-2021,75.93,0,1.536
06-07-2021,77.42,0,1.5819
07-07-2021,78.58,0,1.6323
08-07-2021,80.5,0,1.6808
09-07-2021,79.67,0,1.7403
10-07-2021,79.45,0.27,1.7918
11-07-2021,75.13,0,1.7279
12-07-2021,74.41,0,1.7925
13-07-2021,79.29,0,1.8407
14-07-2021,79.24,0,1.8991
15-07-2021,79.9,0,1.9594
16-07-2021,79.63,0.17,2.0185
17-07-2021,77.86,0.5,2.0048
18-07-2021,77.47,0.78,1.718
19-07-2021,76.82,0.04,1.5109
20-07-2021,75.12,0,1.5266
21-07-2021,74,0,1.5656
22-07-2021,77.61,0,1.6277
23-07-2021,80.4,0,1.6966
24-07-2021,83.33,0,1.7691
25-07-2021,82.25,0.63,1.8112
26-07-2021,80.37,0.02,1.5656
27-07-2021,83.33,0,1.6669
28-07-2021,83.46,0,1.7625
29-07-2021,82.97,0,1.842
30-07-2021,83.34,0,1.92
31-07-2021,84.44,0,2.0174
01-08-2021,76.57,0.03,2.1491
02-08-2021,73.92,0,2.2176
03-08-2021,72.45,0,2.3558
04-08-2021,75.11,0,2.4774
05-08-2021,74.84,0,2.5963
06-08-2021,80.55,0,2.671
07-08-2021,83.08,0,2.7979
08-08-2021,82.43,0.34,2.8944
09-08-2021,85.8,0,2.7468
10-08-2021,85.09,0,2.7754
11-08-2021,84.39,0,2.8893
12-08-2021,84.49,0,2.9955
13-08-2021,81.34,0.91,2.9415
14-08-2021,74.44,0.02,1.5995
15-08-2021,76.77,0,1.698
16-08-2021,78.66,0,1.7843
17-08-2021,75.4,0,1.8597
18-08-2021,75.75,0.03,1.9044
19-08-2021,77.41,1.35,1.6722
20-08-2021,83.52,0,1.5131
21-08-2021,83.24,0,1.5413
22-08-2021,82.81,0,1.6035
23-08-2021,82.76,0,1.6795
24-08-2021,83.32,0,1.7645
25-08-2021,83.43,0,1.8376
26-08-2021,82.56,0,1.9079
27-08-2021,81.34,0,1.9819
28-08-2021,80.08,0,2.0661
29-08-2021,79.56,0,2.1685
30-08-2021,79.56,0,2.2969
31-08-2021,81.35,0,2.4359
01-09-2021,84.21,0,2.5608
02-09-2021,84.49,0,2.7228
03-09-2021,84.51,0,2.8825
04-09-2021,81.93,0.05,3.0653
05-09-2021,77.53,0,3.2288
06-09-2021,77.88,0,3.344
07-09-2021,81.04,0,3.4235
08-09-2021,77.03,0,3.5083
09-09-2021,74.77,0,3.5898
10-09-2021,78.36,0,3.6537
11-09-2021,78.3,0,3.7072
12-09-2021,77.28,0,3.752
13-09-2021,77.8,0,3.7859
14-09-2021,77.45,0,3.8059
15-09-2021,74.24,0,3.8291
16-09-2021,77.5,0,3.8341
17-09-2021,77.87,0,3.8423
18-09-2021,76.98,0,3.8573
19-09-2021,78.86,0,3.8654
20-09-2021,83.6,0,3.8722
21-09-2021,70.03,0,3.8967
22-09-2021,61.09,0,3.9214
23-09-2021,68.01,0,3.9271
24-09-2021,69.58,0,3.9337
25-09-2021,71.22,0,3.9346
26-09-2021,74.9,0,3.9335
27-09-2021,76.46,0,3.9355
28-09-2021,75.03,0.02,3.9346
29-09-2021,75.39,0,3.9341
30-09-2021,68.74,0.15,3.9427
01-10-2021,67.11,0.01,3.9344
02-10-2021,67.6,0.32,3.3385
03-10-2021,66.47,0,2.5741
04-10-2021,67.84,0,2.4743
05-10-2021,66.43,0,2.4611
06-10-2021,65.76,0,2.5036
07-10-2021,73.02,0,2.5657
08-10-2021,79.09,0,2.6657
09-10-2021,78.49,0,2.8655
10-10-2021,72.03,0.64,3.1224
11-10-2021,63.83,0,2.4657
12-10-2021,68.81,0.04,2.1971
13-10-2021,65.86,1.03,1.6828
14-10-2021,65.38,0.01,1.6074
15-10-2021,58.82,0,1.661
16-10-2021,53.37,0,1.7147
17-10-2021,57.85,0,1.7473
18-10-2021,59.82,0,1.7788
19-10-2021,68.24,0,1.7995
20-10-2021,62.96,0,1.8169
21-10-2021,59.7,0,1.8442
22-10-2021,66.31,0,1.8533
23-10-2021,74.27,0,1.8581
24-10-2021,70,0,1.874
25-10-2021,63.13,0,1.9101
26-10-2021,71.64,0.49,1.907
27-10-2021,58.39,0.31,1.5676
28-10-2021,59.25,0,1.601
29-10-2021,53.57,0,1.6594
30-10-2021,52.89,0,1.6876
31-10-2021,53.68,0,1.7026
01-11-2021,51.4,0,1.7182
02-11-2021,45.05,0.06,1.7363
03-11-2021,44.56,0.06,1.7094
04-11-2021,47.67,0,1.7149
05-11-2021,48.66,0,1.7257
06-11-2021,53.11,0,1.7372
07-11-2021,59.86,0,1.748
08-11-2021,62.75,0,1.7581
09-11-2021,62.49,0,1.7625
10-11-2021,62.79,0,1.7691
11-11-2021,52.33,0,1.7929
12-11-2021,49.08,0,1.8209
13-11-2021,46.45,0,1.8482
14-11-2021,50.83,0,1.8553
15-11-2021,57.49,0,1.8693
16-11-2021,67.77,0,1.8649
17-11-2021,56,0,1.8879
18-11-2021,41.35,0,1.9357
19-11-2021,46.98,0,1.9639
20-11-2021,57.46,0,1.972
21-11-2021,49.7,0,1.9857
22-11-2021,46,0,2.0098
23-11-2021,55.87,0,2.0167
24-11-2021,59.5,0,2.0198
25-11-2021,40.11,0,2.0476
26-11-2021,43.27,0,2.0714
27-11-2021,49.68,0,2.0788
28-11-2021,47.01,0,2.091
29-11-2021,55.08,0,2.0954
30-11-2021,58.68,0,2.0974
01-12-2021,53.41,0,2.111
02-12-2021,58.78,0,2.1249
03-12-2021,61.77,0,2.1273
04-12-2021,51.74,0,2.1463
05-12-2021,57.55,0,2.1555
06-12-2021,38.11,0,2.1914
07-12-2021,38.48,0,2.2217
08-12-2021,42.66,0,2.2353
09-12-2021,58.35,0,2.2368
10-12-2021,62.43,0,2.2502
11-12-2021,39.4,0,2.2989
12-12-2021,44.62,0,2.3262
13-12-2021,53.18,0,2.3461
14-12-2021,62.22,0,2.3643
15-12-2021,69.59,0,2.3822
16-12-2021,51.66,0,2.45
17-12-2021,55.43,0.01,2.4901
18-12-2021,36.75,0,2.5547
19-12-2021,29.69,0,2.6077
20-12-2021,40.72,0,2.6227
21-12-2021,42.92,0,2.6528
22-12-2021,45.22,0,2.6815
23-12-2021,54.05,0.01,2.7045
24-12-2021,68.57,0,2.7386
25-12-2021,63.69,0,2.8267
26-12-2021,64.69,0,2.9052
27-12-2021,55.11,0,2.9876
28-12-2021,58.11,0,3.0567
29-12-2021,51.78,0.04,3.1307
30-12-2021,48.21,0,3.1779
31-12-2021,55.11,0.16,3.2048
01-01-2022,29.62,0.56,2.3079
02-01-2022,20.74,0.01,1.8651
03-01-2022,35.71,0,1.8741
04-01-2022,43.53,0,1.8857
05-01-2022,38.04,0,1.9006
06-01-2022,20.52,0,1.9278
07-01-2022,25.6,0,1.9481
08-01-2022,49.78,0.03,1.9277
09-01-2022,38.14,0,1.9225
10-01-2022,35.25,0,1.9463
11-01-2022,42.91,0,1.9573
12-01-2022,46.79,0,1.9639
13-01-2022,50.75,0,1.9728
14-01-2022,50.55,0,1.9852
15-01-2022,29.09,0,2.0106
16-01-2022,33,0,2.025
17-01-2022,42.67,0,2.0327
18-01-2022,52.79,0,2.0349
19-01-2022,33.15,0,2.0574
20-01-2022,18.97,0,2.0785
21-01-2022,21.38,0,-996
22-01-2022,31.19,0,-996
23-01-2022,43.32,0,2.0925
24-01-2022,46,0,2.094
25-01-2022,38,0,2.1036
26-01-2022,28.6,0,2.1201
27-01-2022,31.43,0.07,2.1241
28-01-2022,36.27,0.01,2.1274
29-01-2022,46.05,0,2.1222
30-01-2022,46.13,0,2.1208
31-01-2022,55.11,0,2.1173
01-02-2022,55.04,0,2.1127
02-02-2022,25.46,0,2.1474
03-02-2022,14.23,0,2.1616
04-02-2022,20.91,0.04,2.163
05-02-2022,29.8,0.13,2.0341
06-02-2022,36.26,0.11,1.7008
07-02-2022,39.93,0.01,1.6012
08-02-2022,45.5,0,1.6228
09-02-2022,47.59,0,1.6404
10-02-2022,49.17,0,1.6509
11-02-2022,50.85,0,1.6658
12-02-2022,34.06,0,1.691
13-02-2022,41.53,0,1.7075
14-02-2022,52.18,0,1.7146
15-02-2022,56.91,0,1.7266
16-02-2022,62.59,0,1.7284
17-02-2022,30.58,0.93,1.5395
18-02-2022,31.06,0,1.5371
19-02-2022,46.99,0,1.5492
20-02-2022,54.22,0,1.5715
21-02-2022,60.12,0.09,1.5829
22-02-2022,28.55,0,1.5874
23-02-2022,14.89,0,1.625
24-02-2022,18.97,0,1.6422
25-02-2022,22.2,0,-996
26-02-2022,28.61,0.16,-996
27-02-2022,36.68,0.23,-996
28-02-2022,48.29,0.02,1.557
01-03-2022,54.65,0,1.5664
02-03-2022,55.98,0,1.5778
03-03-2022,60.46,0,1.5859
04-03-2022,63.7,0,1.5935
05-03-2022,65.87,0,1.5938
06-03-2022,36.97,0.01,1.6221
07-03-2022,32.24,0,1.6371
08-03-2022,33.69,0,1.6459
09-03-2022,38.95,0,1.6493
10-03-2022,36.81,0,1.6572
11-03-2022,27.23,0,1.6719
12-03-2022,39.71,0,1.6783
13-03-2022,51.25,0,1.6838
14-03-2022,55.58,0,1.6849
15-03-2022,53.29,0,1.6868
16-03-2022,61.91,0,1.6927
17-03-2022,62.74,0.01,1.6997
18-03-2022,47.71,0,1.7159
19-03-2022,55.2,0,1.732
20-03-2022,64.43,0,1.7426
21-03-2022,56.05,1.56,1.61
22-03-2022,43.9,0,1.5134
23-03-2022,43.95,0,1.5374
24-03-2022,47.43,0,1.5632
25-03-2022,54.43,0,1.583
26-03-2022,58.94,0,1.5938
27-03-2022,63.45,0,1.6023
28-03-2022,67.43,0,1.6096
29-03-2022,69.92,0.97,1.5947
30-03-2022,51.49,0,1.5037
31-03-2022,48.34,0,1.531
01-04-2022,54.86,0.15,1.5574
02-04-2022,57.93,0,1.5549
03-04-2022,66.92,0.12,1.5646
04-04-2022,57.27,0.65,1.5382
05-04-2022,64.78,0.01,1.519
06-04-2022,57.79,0,1.5445
07-04-2022,52.89,0,1.5782
08-04-2022,49.63,0,1.5992
09-04-2022,62.75,0,1.6102
10-04-2022,71.83,0,1.6159
11-04-2022,65.99,0.01,1.6206
12-04-2022,73.82,0,1.6247
13-04-2022,57.43,0,1.6586
14-04-2022,55.89,0,1.6952
15-04-2022,71.74,0,1.7136
16-04-2022,55.93,0,1.7541
17-04-2022,59,0,1.7753
18-04-2022,53.23,0,1.8144
19-04-2022,57.16,0.04,1.8485
20-04-2022,75.25,0.01,1.837
21-04-2022,76.12,0,1.853
22-04-2022,74.18,0,1.8869
23-04-2022,71.79,1.64,1.8756
24-04-2022,56.9,1.24,1.4921
25-04-2022,54,0,1.5165
26-04-2022,55.96,0,1.5518
27-04-2022,63.08,0,1.5764
28-04-2022,69.86,0.02,1.5836
29-04-2022,74.38,0,1.5987
30-04-2022,65.13,0,1.6369
01-05-2022,64.36,0.07,1.6836
02-05-2022,66.99,0.83,1.6283
03-05-2022,53.08,0,1.4953
04-05-2022,63.24,0.77,1.5073
05-05-2022,59.27,1.99,1.5046
06-05-2022,62.05,0.01,1.5145
07-05-2022,72.67,0,1.526
08-05-2022,82.77,0,1.5441
09-05-2022,82.21,0,1.5847
10-05-2022,81.21,0,1.6371
11-05-2022,76.77,0.23,1.6211
12-05-2022,78.77,0,1.6902
13-05-2022,78.79,0,1.7635
14-05-2022,77.35,0,1.8219
15-05-2022,80.51,0,1.8864
16-05-2022,72.69,0,1.986
17-05-2022,79.47,0.03,2.0879
18-05-2022,81.74,0,2.2478
19-05-2022,81.12,0,2.477
20-05-2022,79.51,0,2.7049
21-05-2022,62.37,0,2.9153
22-05-2022,58.8,0,2.9872
23-05-2022,57,0.57,2.5976
24-05-2022,60.64,1.5,1.5599
25-05-2022,54.99,0.65,1.4989
26-05-2022,65.02,0,1.5138
27-05-2022,69.92,0,1.5378
28-05-2022,79.82,0.01,1.5646
29-05-2022,82.04,0,1.6057
30-05-2022,79.61,0,1.6654
31-05-2022,80,0.34,1.7376
01-06-2022,69.24,1.74,1.4818
02-06-2022,65.92,0.54,1.4872
03-06-2022,68.06,0,1.4962
04-06-2022,72.54,0,1.5064
05-06-2022,76.37,0,1.5249
06-06-2022,79.5,0,1.5551
07-06-2022,76.5,0.06,1.5784
08-06-2022,73.28,1.22,1.5181
09-06-2022,74.84,0,1.4899
10-06-2022,78.74,0.54,1.4845
11-06-2022,84.39,0,1.4892
12-06-2022,87.15,0,1.5204
13-06-2022,86.54,0,1.5861
14-06-2022,84.4,0,1.6782
15-06-2022,83.95,0,1.7663
16-06-2022,82.54,0,1.8388
17-06-2022,82.82,0,1.9291
18-06-2022,83.86,0,2.0298
19-06-2022,83.06,0,2.1574
20-06-2022,84.01,0,2.3081
21-06-2022,85.16,0,2.4714
22-06-2022,83.61,0,2.6439
23-06-2022,85.94,0,2.8002
24-06-2022,87.99,0,2.961
25-06-2022,87.98,0,3.1292
26-06-2022,78.18,0,3.3074
27-06-2022,74.33,0,3.4445
28-06-2022,72.92,0.28,3.5287
29-06-2022,75.75,0,3.4707
30-06-2022,81.37,0,3.3885
01-07-2022,84.87,0,3.3397
02-07-2022,85.05,0,3.3584
03-07-2022,82.72,0,3.3998
04-07-2022,86.45,0,3.4318
05-07-2022,88.8,0,3.4894
06-07-2022,90.56,0,3.5685
07-07-2022,91.2,0,3.6448
08-07-2022,87.46,0.02,3.71
09-07-2022,85.94,0,3.7469
10-07-2022,83.04,0,3.7773
11-07-2022,84.5,0,3.7963
12-07-2022,83.95,0,3.8182
13-07-2022,85.42,0,3.832
14-07-2022,88.23,0,3.8415
15-07-2022,85.15,0,3.8535
16-07-2022,87.7,0,3.8638
17-07-2022,91.02,0,3.8708
18-07-2022,88.47,0,3.8747
19-07-2022,93.45,0,3.8785
20-07-2022,89.65,0,3.8961
21-07-2022,82.38,0.07,3.9061
22-07-2022,86.8,0,3.8747
23-07-2022,88.38,0,3.865
24-07-2022,89.99,0,3.8819
25-07-2022,90.69,0,3.8903
26-07-2022,91.22,0,3.8946
27-07-2022,92.64,0,3.8966
28-07-2022,88.75,0.28,3.9047
29-07-2022,80.54,0,3.8566
30-07-2022,81.59,0,3.7509
31-07-2022,87.09,0,3.6863
01-08-2022,86.15,0,3.6721
02-08-2022,89.26,0,3.644
03-08-2022,91.71,0,3.6488
04-08-2022,91.06,0,3.7051
05-08-2022,90.02,0,3.7965
06-08-2022,89.48,0,3.8415
07-08-2022,88.21,0,3.8731
08-08-2022,88.64,0,3.8921
09-08-2022,83.54,1.34,3.4756
10-08-2022,82.9,0,1.6954
11-08-2022,83.25,0,1.7426
12-08-2022,82.56,0,1.7966
13-08-2022,84.63,0,1.8408
14-08-2022,84.32,0,1.9025
15-08-2022,85.64,0,1.9781
16-08-2022,86.78,0,2.0985
17-08-2022,77.15,0,2.2868
18-08-2022,77.41,0,2.4829
19-08-2022,77.02,0,2.8076
20-08-2022,79.8,0,3.1624
21-08-2022,70.74,0.68,3.0384
22-08-2022,75.49,0.06,1.8713
23-08-2022,75.12,0,1.9036
24-08-2022,77.68,0,1.9537
25-08-2022,78.76,0,2.0649
26-08-2022,78.82,0,2.2652
27-08-2022,82.56,0,2.659
28-08-2022,85.63,0,3.1703
29-08-2022,77.66,0.76,3.1087
30-08-2022,76.81,0.01,1.9598
31-08-2022,79.15,0,1.9174
01-09-2022,74.64,0.29,1.9088
02-09-2022,79.65,0.01,1.8584
03-09-2022,80.16,0,1.916
04-09-2022,75.34,0,2.0084
05-09-2022,73.05,0,2.1563
06-09-2022,75.43,0,2.3948
07-09-2022,78.26,0,2.8248
08-09-2022,74.98,0,3.2837
09-09-2022,75.63,0,3.5384
10-09-2022,73.12,0,3.6319
11-09-2022,65.16,0.03,3.678
12-09-2022,67.95,0,3.7071
13-09-2022,77.17,0,3.7225
14-09-2022,78.16,0,3.7498
15-09-2022,76.54,0,3.7895
16-09-2022,80.05,0,3.8196
17-09-2022,83.2,0,3.8431
18-09-2022,83.62,0,3.8564
19-09-2022,83.05,0,3.8688
20-09-2022,83.74,0,3.8787
21-09-2022,84.19,0,3.8887
22-09-2022,73.61,0,3.9052
23-09-2022,74.25,0,3.9185
24-09-2022,82.35,0,3.9178
25-09-2022,75.73,0,3.9253
26-09-2022,67.93,0,3.9467
27-09-2022,74.88,0,3.9503
28-09-2022,76.87,0,3.946
29-09-2022,70.46,0,3.9537
30-09-2022,68.21,0,3.9625
01-10-2022,67.74,0,3.9652
02-10-2022,65.18,0,3.9759
03-10-2022,66.45,0,3.9759
04-10-2022,68.64,0,3.977
05-10-2022,70.52,0,3.9745
06-10-2022,71.85,0,3.9698
07-10-2022,60.6,0.08,3.9853
08-10-2022,51.48,0.21,3.984
09-10-2022,60.48,0.1,3.8817
10-10-2022,66.39,0.09,3.2805
11-10-2022,67.6,0.02,2.8246
12-10-2022,68.8,0,2.6891
13-10-2022,60.34,0,2.7424
14-10-2022,68.71,0,2.8458
15-10-2022,74.13,0.35,3.0368
16-10-2022,60.1,1.32,1.8745
17-10-2022,52.39,0,1.7476
18-10-2022,44.99,0,1.7803
19-10-2022,48.67,0,1.8002
20-10-2022,59.16,0,1.8079
21-10-2022,68.76,0,1.821
22-10-2022,76.04,0,1.8316
23-10-2022,74.59,0,1.8381
24-10-2022,60.83,1.47,1.6367
25-10-2022,53.4,0.18,1.5308
26-10-2022,55.93,0,1.5719
27-10-2022,58.81,0,1.6316
28-10-2022,51.8,0.75,1.5574
29-10-2022,54.59,0.03,1.5644
30-10-2022,54.49,0,1.6023
31-10-2022,56.08,0.01,1.6299
01-11-2022,62.3,0,1.6416
02-11-2022,60.08,0,1.6552
03-11-2022,67.83,0,1.6577
04-11-2022,55.87,0.15,1.652
05-11-2022,48.42,0,1.6683
06-11-2022,59.4,0,1.6757
07-11-2022,58.06,0,1.6864
08-11-2022,70.39,0.1,1.6611
09-11-2022,71.42,0,1.6602
10-11-2022,62,0.07,1.6737
11-11-2022,38.2,0,1.7053
12-11-2022,35.35,0,1.7295
13-11-2022,40.26,0,1.7428
14-11-2022,36.13,0.57,1.6812
15-11-2022,33.75,0,1.6195
16-11-2022,34.5,0,1.6404
17-11-2022,39.97,0,1.6547
18-11-2022,32.13,0,1.6688
19-11-2022,34.61,0,1.6808
20-11-2022,34.15,0,1.6948
21-11-2022,42.06,0,1.6969
22-11-2022,44.68,0.01,1.6979
23-11-2022,49.48,0.07,1.6983
24-11-2022,49.38,0,1.6877
25-11-2022,43.06,0.03,1.6981
26-11-2022,45.15,1.03,1.596
27-11-2022,44.22,0,1.5825
28-11-2022,49.44,0.01,1.6189
29-11-2022,50.83,0,1.6333
30-11-2022,32.52,0,1.6615
01-12-2022,40.76,0,1.6722
02-12-2022,55.98,0.02,1.6639
03-12-2022,37.53,0,1.6836
04-12-2022,43.03,0.15,1.67
05-12-2022,59.62,0,1.6597
06-12-2022,46.77,0,1.6663
07-12-2022,45.48,0.5,1.666
08-12-2022,51.98,0.09,1.5719
09-12-2022,50.57,0.04,1.5931
10-12-2022,49.19,0,1.6145
11-12-2022,43.68,0,1.6292
12-12-2022,51.68,0.04,1.6342
13-12-2022,55.09,2.2,1.5872
14-12-2022,39.51,0,1.6098
15-12-2022,37.56,0,1.6309
16-12-2022,35.49,0,1.6459
17-12-2022,33.46,0,1.6544
18-12-2022,40.63,0,1.6611
19-12-2022,45.23,0,1.665
20-12-2022,30.25,0,1.6757
21-12-2022,31.65,0,1.6856
22-12-2022,12.63,0,1.705
23-12-2022,12.44,0,-996
24-12-2022,20.88,0,-996
25-12-2022,33.95,0,-996
26-12-2022,35.21,0,-996
27-12-2022,33.95,0,1.7338
28-12-2022,55.28,0,1.7254
29-12-2022,56.5,0,1.7232
30-12-2022,43.37,0,1.7333
31-12-2022,49.5,0,1.7353
01-01-2023,57.68,0,1.733
02-01-2023,61.3,0,1.727
03-01-2023,44.84,0,1.736
04-01-2023,38.04,0,1.753
05-01-2023,40.07,0,1.7624
06-01-2023,52.74,0,1.7595
07-01-2023,42.12,0,1.7625
08-01-2023,40.61,0,1.7737
09-01-2023,49.2,0,1.7737
10-01-2023,54.8,0,1.7769
11-01-2023,57.31,0,1.7767
12-01-2023,42.04,0,1.7939
13-01-2023,37.59,0,1.81
14-01-2023,47.97,0,1.8124
15-01-2023,54.45,0,1.8161
16-01-2023,58.42,0,1.811
17-01-2023,54.95,0,1.8223
18-01-2023,54.1,0.19,1.7735
19-01-2023,41.36,0,1.7826
20-01-2023,43.52,0,1.7948
21-01-2023,47.55,0.01,1.7954
22-01-2023,38.02,0,1.8063
23-01-2023,36.57,0,1.8197
24-01-2023,34.85,0.38,1.7619
25-01-2023,36.06,0.4,1.6576
26-01-2023,36.4,0,1.6336
27-01-2023,42.78,0,1.6432
28-01-2023,48.77,0,1.6471
29-01-2023,23.86,0,1.6633
30-01-2023,19.75,0,1.682
31-01-2023,21.61,0,1.695
01-02-2023,24.68,0,1.6951
02-02-2023,32.9,0.04,1.6877
03-02-2023,36.86,0,1.6866
04-02-2023,46.23,0,1.6855
05-02-2023,48.99,0,1.6852
06-02-2023,59.68,0,1.6821
07-02-2023,42.3,0.89,1.6263
08-02-2023,37.39,0.28,1.5768
09-02-2023,38.62,0.18,1.5844
10-02-2023,34.71,0,1.5941
11-02-2023,35.97,0,1.6099
12-02-2023,47.15,0,1.6215
13-02-2023,49.05,0,1.6269
14-02-2023,55.18,0.35,1.6069
15-02-2023,49.51,0.04,1.6084
16-02-2023,32.43,0,1.6203
17-02-2023,32.9,0,1.6327
18-02-2023,39.42,0,1.6395
19-02-2023,51.84,0,1.6436
20-02-2023,60.48,0,1.6385
21-02-2023,63.78,0,1.6432
22-02-2023,63.53,0.16,1.6245
23-02-2023,31.06,0,1.6437
24-02-2023,28.43,0,1.6633
25-02-2023,35.51,0,1.6656
26-02-2023,51.85,0.37,1.6526
27-02-2023,57.75,0,1.5971
28-02-2023,59.11,0,1.6094
01-03-2023,55.16,0,1.6163
02-03-2023,47.38,0.26,1.6206
03-03-2023,49.29,0,1.6095
04-03-2023,53.93,0,1.6149
05-03-2023,62.35,0,1.6184
06-03-2023,60.01,0,1.6211
07-03-2023,47.54,0.15,1.6317
08-03-2023,47.4,0.01,1.6276
09-03-2023,48.51,0.17,1.6177
10-03-2023,46.94,0,1.6248
11-03-2023,61.78,0,1.6134
12-03-2023,44.82,0,1.631
13-03-2023,38.14,0,1.6455
14-03-2023,41.04,0,1.654
15-03-2023,54.25,0,1.6523
16-03-2023,52.99,0.38,1.629
17-03-2023,39.44,0,1.6175
18-03-2023,36.93,0,1.6308
19-03-2023,36.23,0,1.6406
20-03-2023,46.29,0,1.6468
21-03-2023,58.25,0.11,1.6356
22-03-2023,69.26,0,1.6209
23-03-2023,58.83,1.31,1.603
24-03-2023,50.14,0.01,1.582
25-03-2023,52.15,0,1.5924
26-03-2023,48.2,0,1.6071
27-03-2023,46.62,0,1.6195
28-03-2023,43.83,0,1.6319
29-03-2023,51.53,0,1.6389
30-03-2023,61,0.03,1.6419
31-03-2023,68.46,0,1.6358
01-04-2023,54.97,0,1.6622
02-04-2023,62.28,0.05,1.6735
03-04-2023,70.03,0,1.6744
04-04-2023,73.43,0,1.6818
05-04-2023,48.73,0,1.7182
06-04-2023,50.97,0,1.7588
07-04-2023,53.39,0,1.7821
08-04-2023,56.45,0,1.8051
09-04-2023,60.11,0,1.8264
10-04-2023,62.42,0.01,1.8424
11-04-2023,62.91,0,1.8643
12-04-2023,63.32,0,1.8975
13-04-2023,65.82,0,1.9323
14-04-2023,69.49,0,1.9723
15-04-2023,59.21,0,2.0235
16-04-2023,52.4,0,2.0999
17-04-2023,63.64,0,2.159
18-04-2023,67.1,0,2.2338
19-04-2023,73.83,0.01,2.3146
20-04-2023,65.1,0.02,2.4379
21-04-2023,57.36,0,2.5705
22-04-2023,48.11,0,2.6956
23-04-2023,49.65,0,2.7455
24-04-2023,54.13,0,2.8218
25-04-2023,54.41,0.09,2.8882
26-04-2023,53.69,0.77,2.2839
27-04-2023,53.35,0.1,1.8151
28-04-2023,50.59,0.06,1.8451
29-04-2023,57.58,0,1.8517
30-04-2023,59.12,0,1.8887
01-05-2023,56.35,0,1.9318
02-05-2023,62.42,0,1.9641
03-05-2023,58.03,0.38,1.9023
04-05-2023,63.48,0.44,1.7331
05-05-2023,75.31,0.01,1.7252
06-05-2023,76.55,0,1.7688
07-05-2023,72.62,0,1.828
08-05-2023,74.67,0,1.8641
09-05-2023,75.18,0,1.9108
10-05-2023,72.25,0,1.9738
11-05-2023,70.19,0.85,1.9684
12-05-2023,77.09,0.08,1.7035
13-05-2023,69.87,0.81,1.6193
14-05-2023,69.99,0.97,1.5301
15-05-2023,68.74,0,1.5434
16-05-2023,65.15,0,1.5782
17-05-2023,66,0,1.6091
18-05-2023,67.91,0.53,1.5617
19-05-2023,68.01,0.04,1.5547
20-05-2023,61.98,0,1.5843
21-05-2023,63.14,0,1.615
22-05-2023,66.18,0,1.6412
23-05-2023,71.74,0,1.6577
24-05-2023,72.1,0,1.6909
25-05-2023,69.07,0.14,1.7032
26-05-2023,71.14,0.01,1.7037
27-05-2023,71.37,0,1.7277
28-05-2023,68.9,0.87,1.6615
29-05-2023,70.58,0.33,1.5396
30-05-2023,73.83,0,1.5423
31-05-2023,75.43,0,1.5637
01-06-2023,74.93,0.27,1.5895
02-06-2023,75.66,1.25,1.5789
03-06-2023,68.99,0.33,1.5524
04-06-2023,71.52,0.01,1.5536
05-06-2023,72.92,0,1.5671
06-06-2023,73.81,0,1.5897
07-06-2023,72.76,0,1.6193
08-06-2023,75,0,1.6563
09-06-2023,78.87,0,1.6963
10-06-2023,76.48,0.03,1.7437
11-06-2023,77.88,0,1.7927
12-06-2023,63.84,1.36,1.6227
13-06-2023,69.58,0.01,1.5296
14-06-2023,75.04,0,1.5366
15-06-2023,73.72,0.62,1.5518
16-06-2023,73.97,0,1.5373
17-06-2023,75.78,0.5,1.5454
18-06-2023,72.51,0.69,1.5411
19-06-2023,79.57,0,1.5468
20-06-2023,84.51,0,1.5504
21-06-2023,80.5,0,1.5766
22-06-2023,79.18,0,1.6127
23-06-2023,75.43,1.46,1.5841
24-06-2023,82.82,0,1.5305
25-06-2023,84.85,0,1.5398
26-06-2023,82.39,0,1.5732
27-06-2023,81.76,0,1.6139
28-06-2023,86.83,0,1.6547
29-06-2023,86.3,0,1.7266
30-06-2023,83.25,0,1.7936
01-07-2023,78.18,0.06,1.8435
02-07-2023,79.76,0,1.8855
03-07-2023,80.1,0,1.9429
04-07-2023,81.98,0,2.0052
05-07-2023,-996,0,2.0831
06-07-2023,-996,0,2.1868
07-07-2023,-996,1.17,2.2491
08-07-2023,-996,0.11,1.6342
09-07-2023,-996,1.19,1.5283
10-07-2023,-996,0,1.5217
11-07-2023,-996,1,1.5154
12-07-2023,-996,0,1.5269
13-07-2023,-996,0.05,1.5481
14-07-2023,-996,0,1.5741
15-07-2023,-996,0.05,1.601
16-07-2023,-996,0,1.6245
17-07-2023,-996,0,1.6599
18-07-2023,-996,0,1.7103
19-07-2023,-996,0,1.7735
20-07-2023,-996,0,-996
21-07-2023,78.41,0,1.8485
22-07-2023,76.09,0,1.8912
23-07-2023,79.64,0,1.9345
24-07-2023,84.57,0,1.9853
25-07-2023,87.58,0,2.0554
26-07-2023,86.83,0,2.1563
27-07-2023,87.25,0,2.2767
28-07-2023,87.87,0,2.4041
29-07-2023,86.31,0,2.5479
30-07-2023,86.92,0,2.6902
31-07-2023,89.09,0,2.8508
01-08-2023,90.69,0,3.0298
02-08-2023,90.4,0,3.2315
03-08-2023,90.23,0,3.4122
04-08-2023,91.4,0,3.5321
05-08-2023,88.5,0,3.6141
06-08-2023,84.88,0,3.6638
07-08-2023,80.21,0,3.7035
08-08-2023,81.01,0,3.7297
09-08-2023,85.86,0.12,3.7347
10-08-2023,83.73,0,3.6965
11-08-2023,90.26,0.02,3.6592
12-08-2023,83.9,1.88,3.1428
13-08-2023,86.45,0,1.5276
14-08-2023,74.71,0,1.5935
15-08-2023,74.42,0,1.6434
16-08-2023,78.39,0,1.6875
17-08-2023,85.41,0,1.7372
18-08-2023,85.24,0,1.7862
19-08-2023,89.37,0,1.8476
20-08-2023,89.39,0,1.9226
21-08-2023,88.44,0,2.003
22-08-2023,88.06,0,2.1265
23-08-2023,87.58,0,2.3205
24-08-2023,88.23,0,2.5919
25-08-2023,90.6,0,2.9251
26-08-2023,89.23,0,3.2399
27-08-2023,81.74,0,3.4361
28-08-2023,77.54,0,3.5445
29-08-2023,75.49,0,3.6184
30-08-2023,78.11,0,3.6712
31-08-2023,78.32,0,3.711
01-09-2023,82.56,0,3.7381
02-09-2023,80.32,0,3.7665
03-09-2023,84.75,0,3.7871
04-09-2023,87.84,0,3.804
05-09-2023,87.46,0.2,3.8128
06-09-2023,80.11,0,3.8087
07-09-2023,85.64,0,3.7606
08-09-2023,87.81,0,3.7261
09-09-2023,81.15,0,3.7295
10-09-2023,78.8,0,3.7647
11-09-2023,68.87,0.88,3.2573
12-09-2023,67.48,0.12,1.825
13-09-2023,70.1,0.02,1.844
14-09-2023,69.1,0.14,1.8336
15-09-2023,70.03,0.01,1.8462
16-09-2023,70.38,0,1.8693
17-09-2023,70.07,0,1.9072
18-09-2023,76.31,0,1.9456
19-09-2023,76.1,0.04,1.9856
20-09-2023,79.05,0.01,2.0319
21-09-2023,73.41,0.07,2.098
22-09-2023,79.71,0,2.1561
23-09-2023,84.12,0,2.3013
24-09-2023,77.14,0,2.5441
25-09-2023,76.08,0,2.8388
26-09-2023,75.02,0,3.1572
27-09-2023,78.04,0,3.3903
28-09-2023,80.27,0,3.5321
29-09-2023,81.99,0,3.6098
30-09-2023,81.43,0,3.664
01-10-2023,77.16,0,3.7157
02-10-2023,77.99,0,3.7548
03-10-2023,78.27,0,3.792
04-10-2023,73.06,1.72,3.045
05-10-2023,68.37,0,1.6444
06-10-2023,62.72,0,1.6782
07-10-2023,55.38,0,1.711
08-10-2023,62.17,0,1.7387
09-10-2023,69.43,0,1.748
10-10-2023,71.19,0,1.767
11-10-2023,70.05,0,1.7814
12-10-2023,70.81,0,1.8013
13-10-2023,62.84,0,1.8363
14-10-2023,53.19,0,1.8873
15-10-2023,49.62,0,1.9147
16-10-2023,47.1,0,1.9438
17-10-2023,56.97,0,1.9603
18-10-2023,65.44,0,1.9711
19-10-2023,63.04,0,2.0003
20-10-2023,69.27,0,2.0228
21-10-2023,72.31,0,2.0454
22-10-2023,71.78,0,2.0658
23-10-2023,71.28,0.05,2.0764
24-10-2023,69.33,1.47,1.7252
25-10-2023,68.95,0.18,1.6353
26-10-2023,72.03,0,1.6371
27-10-2023,59.26,0,1.6516
28-10-2023,45.25,0.27,1.6658
29-10-2023,35.82,0.33,1.6638
30-10-2023,35.57,0,1.6739
31-10-2023,34.96,0,1.6904
01-11-2023,39.76,0,1.7001
02-11-2023,49.47,0,1.7015
03-11-2023,56.65,0,1.7022
04-11-2023,62.5,0,1.6952
05-11-2023,63.92,0,1.694
06-11-2023,68.46,0,1.6943
07-11-2023,70.54,0,1.6945
08-11-2023,68.59,0,1.6974
09-11-2023,52.98,0,1.7157
10-11-2023,50.49,0,1.7277
11-11-2023,51.22,0,1.7369
12-11-2023,52.41,0,1.7426
13-11-2023,51.89,0,1.7471
14-11-2023,52.29,0,1.755
15-11-2023,56.04,0,1.7564
16-11-2023,56.2,0,1.7573
17-11-2023,51.58,0,1.7591
18-11-2023,50.8,0,1.771
19-11-2023,56.93,0.17,1.7577
20-11-2023,56.56,0,1.7428
21-11-2023,46.7,0,1.7575
22-11-2023,43.03,0,1.7731
23-11-2023,50.37,0,1.7751
24-11-2023,42.09,0,1.781
25-11-2023,38.7,0.4,1.7767
26-11-2023,32.58,0,1.7371
27-11-2023,37.1,0.01,1.7478
28-11-2023,43.41,0,1.7481
29-11-2023,49.88,0,1.7466
30-11-2023,52.64,0.08,1.7392
01-12-2023,39.6,0,1.7437
02-12-2023,42.84,0,1.7507
03-12-2023,43.71,0.01,1.7544
04-12-2023,43.18,0,1.757
05-12-2023,44.07,0,1.7615
06-12-2023,48.6,0,1.7635
07-12-2023,58,0,1.757
08-12-2023,57.08,0,1.7509
09-12-2023,42.98,0,1.764
10-12-2023,35.83,0,1.7787
11-12-2023,43.99,0,1.7816
12-12-2023,46.28,0,1.7836
13-12-2023,51.13,0,1.781
14-12-2023,52.38,0,1.7823
15-12-2023,46.91,1.03,1.6705
16-12-2023,42.7,0,1.6735
17-12-2023,48.64,0,1.6813
18-12-2023,43.05,0,1.685
19-12-2023,44.71,0,1.6925
20-12-2023,52.12,0,1.6918
21-12-2023,57.4,0,1.6855
22-12-2023,56.41,0.02,1.6818
23-12-2023,59.56,0.11,1.6814
24-12-2023,52.81,0.22,1.6611
25-12-2023,36.51,0,1.6801
26-12-2023,36.92,0,1.6913
27-12-2023,39.23,0,1.6945
28-12-2023,33.73,0,1.6985
29-12-2023,36.94,0,1.7049
30-12-2023,43.04,0,1.7079
31-12-2023,38.45,0,1.71
01-01-2024,31.82,0,1.7128
02-01-2024,36.95,0,1.7187
03-01-2024,39.21,0,1.7172
04-01-2024,42.38,0.18,1.7206
05-01-2024,41.43,0.07,1.7014
06-01-2024,38.72,0,1.7037
07-01-2024,42.11,0,1.709
08-01-2024,45.04,0.26,1.6929
09-01-2024,32.48,0,1.6988
10-01-2024,40.98,0,1.7026
11-01-2024,47.82,0,1.702
12-01-2024,28.65,0,1.7081
13-01-2024,17.39,0,1.7182
14-01-2024,5.55,0,-996
15-01-2024,9.52,0,-996
16-01-2024,12.92,0,-996
17-01-2024,30.08,0,-996
18-01-2024,37.62,0,-996
19-01-2024,18.73,0,-996
20-01-2024,19.25,0,-996
21-01-2024,29.34,0.01,-996
22-01-2024,31.84,0.44,-996
23-01-2024,36.65,0.11,-996
24-01-2024,39.9,0.02,1.654
25-01-2024,44.13,0,1.6492
26-01-2024,44.15,0.54,1.6392
27-01-2024,35.7,0.11,1.6313
28-01-2024,44.32,0.01,1.642
29-01-2024,53.5,0,1.6394
30-01-2024,53.42,0,1.6405
31-01-2024,54.48,0,1.6428
01-02-2024,59.49,0,1.641
02-02-2024,57.14,0.49,1.6367
03-02-2024,54.38,0,1.6121
04-02-2024,49.44,0.03,1.6204
05-02-2024,45.95,0,1.6276
06-02-2024,45.75,0,1.6368
07-02-2024,55.23,0,1.6355
08-02-2024,56.83,0,1.6376
09-02-2024,52.49,0,1.6434
10-02-2024,44.98,0,1.65
11-02-2024,35.71,0.76,1.6302
12-02-2024,37.24,0.53,1.6215
13-02-2024,44.95,0.02,1.6267
14-02-2024,54.87,0,1.6258
15-02-2024,49.42,0,1.6533
16-02-2024,41.78,0,1.6822
17-02-2024,27.9,0,1.6952
18-02-2024,36.52,0,1.7021
19-02-2024,48.46,0,1.6988
20-02-2024,59.03,0,1.697
21-02-2024,63.95,0,1.6904
22-02-2024,59.85,0,1.6891
23-02-2024,52.12,0,1.6995
24-02-2024,56.22,0,1.7039
25-02-2024,62.24,0,1.7013
26-02-2024,69.39,0,1.7017
27-02-2024,65.78,0,1.7019
28-02-2024,34.64,0,1.725
29-02-2024,35.39,0.12,1.736
01-03-2024,47.23,0,1.7275
02-03-2024,62.88,0,1.7166
03-03-2024,68.98,0,1.711
04-03-2024,65.26,0,1.7062
05-03-2024,51.93,0,1.7193
06-03-2024,54.23,0,1.7259
07-03-2024,64.64,0.38,1.7164
08-03-2024,44.57,0.65,1.6654
09-03-2024,42.95,0,1.6604
10-03-2024,47.81,0,1.6672
11-03-2024,56.37,0,1.6672
12-03-2024,63.4,0,1.6638
13-03-2024,69.16,0,1.6597
14-03-2024,69.36,0,1.6529
15-03-2024,52.41,0,1.6708
16-03-2024,48.12,0.15,1.6798
17-03-2024,54.97,0.02,1.6737
18-03-2024,43.7,0,1.6825
19-03-2024,52.39,0,1.6855
20-03-2024,60.72,0,1.6787
21-03-2024,56.32,1.58,1.6532
22-03-2024,57.41,0.01,1.6389
23-03-2024,49.84,0,1.6518
24-03-2024,58.67,0.39,1.6493
25-03-2024,49.46,0,1.643
26-03-2024,40.54,0,1.6561
27-03-2024,40.58,0,1.6669
28-03-2024,51.86,0.01,1.6664
29-03-2024,64.05,0,1.6615
30-03-2024,66.93,0,1.6563
31-03-2024,67.46,0,1.6541
01-04-2024,67.59,0.44,1.6486
02-04-2024,49.95,0,1.6389
03-04-2024,53.37,0,1.65
04-04-2024,58.76,0,1.6547
05-04-2024,67.54,0,1.6502
06-04-2024,66.11,0.08,1.6504
07-04-2024,60.25,0,1.6599
08-04-2024,60.45,0,1.6647
09-04-2024,60.39,0.35,1.6681
10-04-2024,54.05,0.44,1.6462
11-04-2024,55.87,0,1.6477
12-04-2024,63.22,0,1.6482
13-04-2024,69.16,0,1.6468
14-04-2024,72.83,0,1.645
15-04-2024,70.26,0,1.6441
16-04-2024,71.39,0,1.6493
17-04-2024,72.69,0,1.6536
18-04-2024,64.6,0,1.6615
19-04-2024,56.05,0,1.6857
20-04-2024,51.56,0.39,1.6701
21-04-2024,51.32,0,1.6674
22-04-2024,56.32,0,1.6721
23-04-2024,66.03,0,1.6719
24-04-2024,66.93,0,1.6724
25-04-2024,72.59,0,1.6726
26-04-2024,72.81,0.48,1.6317
27-04-2024,71.12,1.05,1.6238
28-04-2024,65.43,0.17,1.6091
29-04-2024,67.72,0.01,1.6186
30-04-2024,73.1,0.04,1.624
01-05-2024,70.81,0.62,1.6337
02-05-2024,68.13,0.75,1.5996
03-05-2024,71.01,0.03,1.6035
04-05-2024,64.62,0.11,1.6152
05-05-2024,64.64,1.97,1.6046
06-05-2024,73.39,0,1.6069
07-05-2024,71.62,0,1.6132
08-05-2024,74.58,0,1.6265
09-05-2024,66.66,0,1.6599
10-05-2024,64.54,0,1.6911
11-05-2024,65.28,0.08,1.7214
12-05-2024,62.43,0.5,1.687
13-05-2024,65.64,0.05,1.6498
14-05-2024,67.21,0.01,1.6527
15-05-2024,74.46,0,1.6626
16-05-2024,67.49,0.25,1.6611
17-05-2024,68.38,0,1.6668
18-05-2024,75.33,0,1.6879
19-05-2024,79.12,0,1.7349
20-05-2024,79.36,0,1.792
21-05-2024,79.54,0,1.8539
22-05-2024,70.15,0.27,1.8697
23-05-2024,72.96,0.5,1.8508
24-05-2024,74.8,0,1.6979
25-05-2024,74.56,0.03,1.7387
26-05-2024,78.64,0,1.7866
27-05-2024,76.12,0,1.8684
28-05-2024,72.81,0.38,1.8851
29-05-2024,72.81,0,1.8633
30-05-2024,70.9,0.27,1.8564
31-05-2024,69.84,0.07,1.7738
01-06-2024,74.83,0,1.7975
02-06-2024,68.73,0.43,1.7846
03-06-2024,70.81,0.37,1.6936
04-06-2024,74.32,0.74,1.6638
05-06-2024,75.26,0,1.5845
06-06-2024,79.69,0,1.587
07-06-2024,82.05,0,1.608
08-06-2024,84.42,0,1.6462
09-06-2024,80.06,0.06,-996
10-06-2024,73.65,0,-996
11-06-2024,73.85,0,-996
12-06-2024,76.68,0,-996
13-06-2024,80.43,0,-996
14-06-2024,81.16,0,-996
15-06-2024,80.63,0,-996
16-06-2024,82.19,0,-996
17-06-2024,83.03,0,-996
18-06-2024,80.91,0,-996
19-06-2024,78.89,0,-996
20-06-2024,79.09,0,-996
21-06-2024,82.46,0,-996
22-06-2024,83.91,0,-996
23-06-2024,87.37,0,-996
24-06-2024,85.97,0,-996
25-06-2024,87.45,0,-996
26-06-2024,89.34,0,-996
27-06-2024,84.9,0,-996
28-06-2024,88,0,-996
29-06-2024,88.34,0,-996
30-06-2024,87.16,0,-996
01-07-2024,88.3,0,-996
02-07-2024,90.28,0,-996
03-07-2024,89.3,0,-996
04-07-2024,83.98,0.25,-996
05-07-2024,70.41,0.96,-996
06-07-2024,77.26,0,-996
07-07-2024,77.01,0.1,-996
08-07-2024,76.56,0,-996
09-07-2024,78.64,0,-996
10-07-2024,81.94,0,-996
11-07-2024,85.08,0,-996
12-07-2024,84.95,0,-996
13-07-2024,83.34,0,-996
14-07-2024,86.18,0,-996
15-07-2024,87.77,0,-996
16-07-2024,-996,0,-996
17-07-2024,78.99,0,-996
18-07-2024,78.99,0,-996
19-07-2024,79.42,0,-996
20-07-2024,77.89,0.13,-996
21-07-2024,78.43,0,-996
22-07-2024,74.27,0,-996
23-07-2024,76.19,0,-996
24-07-2024,80.46,0,-996
25-07-2024,80.23,0,-996
26-07-2024,78.62,0,-996
27-07-2024,80.17,0,-996
28-07-2024,84.2,0,-996
29-07-2024,86.84,0,-996
30-07-2024,88.06,0,-996
31-07-2024,88.39,0,-996
01-08-2024,89.67,0,-996
02-08-2024,84.95,0,-996
03-08-2024,81.72,0,-996
04-08-2024,83.31,0,-996
05-08-2024,84.68,0,-996
06-08-2024,87.58,0,3.8716
07-08-2024,89.22,0,3.8768
08-08-2024,87.85,0,3.8832
09-08-2024,76.34,0.21,3.8323
10-08-2024,70.68,0.2,3.4462
11-08-2024,78.86,0.11,2.4519
12-08-2024,84.98,0.06,2.1852
13-08-2024,89.02,0,2.1044
14-08-2024,89.83,0,2.1307
15-08-2024,88.91,0,2.2145
16-08-2024,91.03,0,2.3576
17-08-2024,91.51,0,2.6115
18-08-2024,93.17,0,3.1153
19-08-2024,90.58,0,3.6247
20-08-2024,85.42,0,3.7422
21-08-2024,84.01,0,3.7896
22-08-2024,83.87,0,3.8241
23-08-2024,90.99,0,3.8356
24-08-2024,89.99,0,3.8473
25-08-2024,87.84,0,3.8606
26-08-2024,84.8,0,3.8721
27-08-2024,83.87,0,3.8792
28-08-2024,84.68,0,3.8836
29-08-2024,84.34,0,3.8875
30-08-2024,78.36,0.1,3.8732
31-08-2024,78.72,0,3.8052
01-09-2024,79.97,0,3.7687
02-09-2024,76.82,0,3.8052
03-09-2024,74.32,0.05,3.8304
04-09-2024,75.09,0,3.7846
05-09-2024,78.08,0,3.7516
06-09-2024,76.29,0,3.8332
07-09-2024,71.84,0,3.8805
08-09-2024,70.4,0,3.9051
09-09-2024,70.88,0,3.9186
10-09-2024,71.99,0,3.9279
11-09-2024,74.16,0,3.9268
12-09-2024,74.58,0,3.919
13-09-2024,78.67,0,3.9198
14-09-2024,83.69,0,3.9147
15-09-2024,81.86,0,3.9088
16-09-2024,79.96,0,3.9103
17-09-2024,79.08,0,3.9115
18-09-2024,81.95,0,3.9122
19-09-2024,87.05,0,3.9057
20-09-2024,87.13,0,3.9086
21-09-2024,85.26,0,3.9099
22-09-2024,71.6,2.63,3.2521
23-09-2024,63.79,0.03,1.4727
24-09-2024,72.41,0.01,1.4681
25-09-2024,69.41,0,1.4664
26-09-2024,67.77,0,1.4734
27-09-2024,68.45,0,1.4859
28-09-2024,69.89,0,1.5063
29-09-2024,69.87,0,1.5268
30-09-2024,72.83,0,1.5468
01-10-2024,69.6,0,1.5722
02-10-2024,70.04,0,1.5954
03-10-2024,78.02,0,1.6128
04-10-2024,77.39,0,1.6392
05-10-2024,74.01,0,1.6788
06-10-2024,73.98,0,1.7174
07-10-2024,72.79,0,1.7591
08-10-2024,72.9,0,1.8039
09-10-2024,74.55,0.29,1.7009
10-10-2024,76.82,0,1.6877
11-10-2024,76.81,0,1.7418
12-10-2024,76.81,0,1.7943
13-10-2024,71.7,0,1.849
14-10-2024,62.4,0,1.8996
15-10-2024,64.8,0,1.9378
16-10-2024,50.73,0,1.9824
17-10-2024,56.32,0,2.0149
18-10-2024,63.73,0,2.0291
19-10-2024,65.47,0,2.0417
20-10-2024,64.68,0,2.0621
21-10-2024,70.06,0,2.076
22-10-2024,74.31,0,2.0773
23-10-2024,76.27,0,2.0829
24-10-2024,77.95,0,2.0998
25-10-2024,67.54,0,2.1274
26-10-2024,60.46,0,2.1682
27-10-2024,64.83,0,2.191
28-10-2024,76.98,0,2.1924
29-10-2024,76.46,0,2.2067
30-10-2024,73.45,0.41,2.1782
31-10-2024,53.14,0,1.7302
01-11-2024,57.72,0,1.8412
02-11-2024,65.19,1.48,1.722
03-11-2024,64.45,1.68,1.4729
04-11-2024,61.25,1.14,1.471
05-11-2024,54.71,0,1.4755
06-11-2024,55.94,0.01,1.4807
07-11-2024,57.62,0.44,1.4848
08-11-2024,59.77,1.35,1.4796
09-11-2024,52.5,0,1.4838
10-11-2024,55.1,0,1.4862
11-11-2024,56.36,0,1.4894
12-11-2024,60.15,0,1.4925
13-11-2024,58.82,0,1.4953
14-11-2024,51.24,0,1.5037
15-11-2024,56.84,0,1.5074
16-11-2024,61.24,0,1.5137
17-11-2024,63.24,0.11,1.5146
18-11-2024,60.73,1.13,1.5044
19-11-2024,52.89,0,1.5042
20-11-2024,45.77,0,1.5074
21-11-2024,47.26,0,1.5107
22-11-2024,45.58,0,1.5139
23-11-2024,57.62,0,1.5146
24-11-2024,62.98,0,1.5153
25-11-2024,43.88,0,1.5168
26-11-2024,42.09,0,1.5246
27-11-2024,51.29,0,1.527
28-11-2024,37.22,0,1.5294
29-11-2024,37.23,0,1.5361
30-11-2024,43.58,0,1.5398
01-12-2024,39.7,0,1.543
02-12-2024,39.63,0,1.5459
03-12-2024,40.38,0,1.5519
04-12-2024,50.62,0,1.5526
05-12-2024,37.98,0,1.558
06-12-2024,36.53,0,1.5655
07-12-2024,44.28,0,1.5682
08-12-2024,46.14,0.02,1.5713
09-12-2024,44.9,0.03,1.5726
10-12-2024,37.52,0,1.576
11-12-2024,40.67,0,1.5712
12-12-2024,48.83,0,1.5521
13-12-2024,53.69,0,1.5539
14-12-2024,53.32,0,1.5532
15-12-2024,57.54,0,1.5665
16-12-2024,56.44,0,1.5989
17-12-2024,49.83,0,1.5854
18-12-2024,40.11,0,1.5951
19-12-2024,40.24,0,1.6296
20-12-2024,36.9,0,1.6557
21-12-2024,38.38,0,1.64
22-12-2024,47.39,0,1.6722
23-12-2024,56.67,0.08,1.6607
24-12-2024,50.16,0.76,1.5246
25-12-2024,47.19,0.01,1.5196
26-12-2024,46.67,0.09,1.5144
27-12-2024,47.04,0,1.5294
28-12-2024,51.06,0,1.5272
29-12-2024,49.5,0.01,1.532
30-12-2024,57.37,0,1.5313
31-12-2024,43.2,0,1.5363
